frame,n_components,lcc_size,avg_degree,avg_clustering_coeff,avg_sq_clustering_coeff
150,392,10,0.8992248062015504,0.11018087855297161,0.026961883938628126
