frame,n_components,lcc_size,avg_degree,avg_clustering_coeff,avg_sq_clustering_coeff
100,533,6,0.35658914728682173,0.008268733850129198,0.006201550387596899
