frame,n_components,lcc_size,avg_degree,avg_clustering_coeff,avg_sq_clustering_coeff
100,388,13,0.827906976744186,0.02506459948320413,0.005581395348837209
