frame,n_components,lcc_size,avg_degree,avg_clustering_coeff,avg_sq_clustering_coeff
100,151,49,1.9906976744186047,0.2531782945736433,0.061808348015306394
